step,loss
1,0.18841500580310822
2,0.11255981773138046
3,0.10030000656843185
4,0.09050112962722778
5,0.08668265491724014
6,0.08894625306129456
7,0.09051058441400528
8,0.08986008167266846
9,0.08792579919099808
10,0.08569817245006561
11,0.08390255272388458
12,0.08300979435443878
