step,loss,train_batch_mae_raw,batch_size
1,0.33375653624534607,5.211300849914551,16
2,0.18699117004871368,4.120269298553467,16
3,0.11739037930965424,3.1667473316192627,16
4,0.09346701949834824,2.543226480484009,16
5,0.08526095747947693,2.2180094718933105,16
6,0.079518623650074,2.05317759513855,16
7,0.0782996416091919,1.997170329093933,16
8,0.0741119384765625,2.0389530658721924,16
