context_cell_fraction,delta_vs_expression,delta_vs_wrong,effect_gate_passed,effect_p_value,effect_q_value,expectation_id,expression_only_r2,measured_target_genes_for_residual,receiver_cell_count,receiver_cells_sampled,residual_utility_delta,sample_accession,sample_group,section_id,section_status,target_genes_for_residual,target_nonzero_fraction,true_context_r2,wrong_context_r2
0.05535469208860293,0.028634867264927144,0.027725605955001398,True,0.015625,0.0234375,h1_pos_gse311609_nsclc_cd274_checkpoint,0.002632664830119924,CD274;CXCL9;CXCL10,23917,5000,0.027725605955001398,GSM9509134,lung,L1,evaluated,CD274;CXCL9;CXCL10,0.03659814352965483,0.03126753209504707,0.0035419261400456703
0.15069716984142179,0.008929715094235458,0.0088147491124686,True,0.015625,0.0234375,h1_pos_gse311609_nsclc_cd274_checkpoint,0.11022922949691372,CD274;CXCL9;CXCL10,5565,5000,0.0088147491124686,GSM9509135,lung,L3,evaluated,CD274;CXCL9;CXCL10,0.15951264204351215,0.11915894459114917,0.11034419547868057
0.16107919983984478,0.03500816037287802,0.03489540259670143,True,0.015625,0.0234375,h1_pos_gse311609_nsclc_cd274_checkpoint,0.02632661692152849,CD274;CXCL9;CXCL10,5332,5000,0.03489540259670143,GSM9509136,lung,L5,evaluated,CD274;CXCL9;CXCL10,0.2392010718080601,0.061334777294406506,0.026439374697705076
0.7014373895151709,0.0005155576249260552,0.0003658203726587539,False,0.171875,0.171875,h1_pos_gse311609_breast_cxcl12_cxcr4_boundary,0.09378756779104125,CXCR4,43160,5000,0.0003658203726587539,GSM9509156,breast,B17,evaluated,CXCR4,0.22902599472570784,0.0943031254159673,0.09393730504330855
0.7274477944273936,0.029013842031525572,0.028628716183902836,True,0.015625,0.0234375,h1_pos_gse311609_breast_cxcl12_cxcr4_boundary,0.05427441426970758,CXCR4,4900,4900,0.028628716183902836,GSM9509157,breast,B16,evaluated,CXCR4,0.5320454955768189,0.08328825630123315,0.05465954011733032
0.6844081844081844,0.0009983846495473792,-0.0012716861880396335,False,0.078125,0.09375,h1_pos_gse311609_breast_cxcl12_cxcr4_boundary,0.024262627968104744,CXCR4,18091,5000,-0.0012716861880396335,GSM9509158,breast,B15,evaluated,CXCR4,0.10686350686350686,0.025261012617652123,0.026532698805691757
